{
  "realistic": {
    "best_model": "XGBoost",
    "best_params": {
      "clf__subsample": 0.8,
      "clf__n_estimators": 400,
      "clf__min_child_weight": 3,
      "clf__max_depth": 8,
      "clf__learning_rate": 0.05,
      "clf__colsample_bytree": 0.6
    },
    "cv_results": {
      "LogisticRegression": {
        "roc_auc_mean": 0.6831746437171707,
        "roc_auc_std": 0.0018050140962612873,
        "f1_mean": 0.6580918924943789,
        "accuracy_mean": 0.6341525993210684
      },
      "RandomForest": {
        "roc_auc_mean": 0.7058180977615642,
        "roc_auc_std": 0.0031848258370083156,
        "f1_mean": 0.6755937603453601,
        "accuracy_mean": 0.6487279205095524
      },
      "XGBoost": {
        "roc_auc_mean": 0.7059075062893808,
        "roc_auc_std": 0.0026926701694834636,
        "f1_mean": 0.6864956590935358,
        "accuracy_mean": 0.6491128763026695
      },
      "LightGBM": {
        "roc_auc_mean": 0.7048057028663031,
        "roc_auc_std": 0.00248974698710074,
        "f1_mean": 0.6869879439705858,
        "accuracy_mean": 0.6489962279595243
      }
    },
    "test_metrics": {
      "roc_auc": 0.7187156958299032,
      "average_precision": 0.7412418462900427
    },
    "subgroup_metrics": {
      "gender": [
        {
          "group": "Men",
          "n": 14858,
          "roc_auc": 0.7391811715413081,
          "f1": 0.6959020489755122
        },
        {
          "group": "Women",
          "n": 25332,
          "roc_auc": 0.708420966458223,
          "f1": 0.6868922598210813
        },
        {
          "group": "Youth",
          "n": 2674,
          "roc_auc": 0.6879118336846914,
          "f1": 0.7497237569060774
        }
      ],
      "source_market": [
        {
          "group": "IN",
          "n": 37083,
          "roc_auc": 0.7204978544538478,
          "f1": 0.6861607142857142
        },
        {
          "group": "US",
          "n": 5781,
          "roc_auc": 0.7012356946754179,
          "f1": 0.7397549084200817
        }
      ]
    },
    "features_used": [
      "price_usd",
      "log_price",
      "log_rating_count",
      "title_length",
      "title_word_count",
      "kw_women",
      "kw_men",
      "kw_kids",
      "gender",
      "source_market",
      "individual_category",
      "brand_grouped"
    ]
  }
}